{
  "val_gmf": {
    "hits@1": 0.03674311844984965,
    "hits@3": 0.03674311844984965,
    "hits@5": 0.03674311844984965,
    "mrr": 0.03674311844984965
  },
  "val_mkv": {
    "hits@1": 0.03674311844984965,
    "hits@3": 0.03674311844984965,
    "hits@5": 0.03674311844984965,
    "mrr": 0.03674311844984965
  },
  "test_gmf": {
    "hits@1": 0.038324131211432286,
    "hits@3": 0.038324131211432286,
    "hits@5": 0.038324131211432286,
    "mrr": 0.038324131211432286
  },
  "test_mkv": {
    "hits@1": 0.038324131211432286,
    "hits@3": 0.038324131211432286,
    "hits@5": 0.038324131211432286,
    "mrr": 0.038324131211432286
  }
}