{
  "val": {
    "hits@1": 0.026274191481180844,
    "hits@3": 0.041162899987183324,
    "hits@5": 0.04317084632802153,
    "mrr": 0.033514546930405405
  },
  "test": {
    "hits@1": 0.03641732283464567,
    "hits@3": 0.0712410948631421,
    "hits@5": 0.08047431571053618,
    "mrr": 0.053787026621672444
  }
}