{
  "val": {
    "hits@1": 0.025630090835430084,
    "hits@3": 0.03358352168535972,
    "hits@5": 0.03394601049085249,
    "mrr": 0.029419520377556945
  },
  "test": {
    "hits@1": 0.037217358737886806,
    "hits@3": 0.0535087308646599,
    "hits@5": 0.058330602499882964,
    "mrr": 0.04552611457016691
  }
}